63,0,0.350649,6
70,0.38961,0.740259,7
75,0.77922,1.480518,10
59,1.55844,1.909089,6
66,1.94805,2.298699,7
71,2.33766,3.038958,10
61,3.11688,3.467529,6
68,3.50649,3.857139,7
73,3.8961,4.597398,10
58,4.67532,5.025969,6
65,5.06493,5.415579,7
70,5.45454,6.155838,10
63,6.23376,6.584409,6
70,6.62337,6.974019,7
75,7.01298,7.714278,10
59,7.7922,8.142849,6
66,8.18181,8.532459,7
71,8.57142,9.272718,10
66,9.35064,9.701289,6
73,9.74025,10.090899,7
78,10.12986,10.831158,10
61,10.90908,11.259729,6
68,11.29869,11.649339,7
73,11.6883,12.389598,10
68,12.46752,12.818169,6
75,12.85713,13.207779,8
83,13.24674,13.948038,10
64,14.02596,14.376609,6
71,14.41557,14.766219,7
76,14.80518,15.506478,9
71,15.5844,15.935049,6
78,15.97401,16.324659,7
87,16.36362,17.064918,10
66,17.14284,17.493489,6
73,17.53245,17.883099,7
82,17.92206,18.623358,10
64,18.70128,19.753227,6
71,19.87011,20.220759,7
76,20.25972,21.662316,10
66,21.81816,22.168809,6
73,22.20777,22.558419,7
78,22.59738,24.701274,10
51,24.93504,25.285689,6
51,24.93504,25.285689,6
58,25.32465,25.675299,7
63,25.71426,26.415558,10
47,26.49348,26.844129,6
47,26.49348,26.844129,6
54,26.88309,27.233739,7
59,27.2727,27.973998,10
49,28.05192,28.402569,6
49,28.05192,28.402569,6
56,28.44153,28.792179,7
61,28.83114,29.532438,10
46,29.61036,29.961009,6
46,29.61036,29.961009,6
53,29.99997,30.350619,7
58,30.38958,31.090878,10
51,31.1688,31.519449,7
51,31.1688,31.519449,6
58,31.55841,31.909059,7
63,31.94802,32.649318,10
47,32.72724,33.077889,6
47,32.72724,33.077889,6
54,33.11685,33.467499,7
59,33.50646,34.207758,10
54,34.28568,34.636329,6
61,34.67529,35.025939,10
42,34.28568,35.688276,6
66,35.0649,35.766198,9
49,35.84412,36.194769,6
49,35.84412,36.194769,6
56,36.23373,36.584379,7
61,36.62334,37.324638,10
56,37.40256,37.753209,6
63,37.79217,38.142819,10
44,37.40256,38.805156,6
71,38.18178,38.883078,10
52,38.961,39.311649,6
52,38.961,39.311649,6
59,39.35061,39.701259,7
64,39.74022,40.441518,9
59,40.51944,40.870089,6
66,40.90905,41.259699,8
47,40.51944,41.922036,6
75,41.29866,41.999958,10
54,42.07788,42.428529,6
61,42.46749,42.818139,10
42,42.07788,43.480476,6
70,42.8571,43.558398,10
52,43.63632,44.688267,6
59,44.80515,45.155799,9
44,43.63632,46.441512,6
64,45.19476,46.597356,10
49,46.7532,46.928525,8
42,46.7532,46.928525,6
54,46.7532,47.103849,10
49,46.948005,47.12333,8
42,46.948005,47.12333,6
49,47.14281,47.318134,10
42,47.14281,47.318134,6
61,47.14281,47.493459,10
49,47.337615,47.51294,8
42,47.337615,47.51294,6
49,47.53242,47.883069,10
42,47.53242,47.883069,6
49,47.92203,48.097355,10
42,47.92203,48.097355,6
49,48.116835,48.29216,10
42,48.116835,48.29216,6
49,48.31164,48.486964,10
42,48.31164,48.486964,6
49,48.506445,48.68177,10
42,48.506445,48.68177,6
49,48.70125,49.051899,10
42,48.70125,49.051899,6
66,47.53242,49.636314,10
49,49.09086,49.792158,8
42,49.09086,49.792158,6
51,49.87008,50.220729,7
51,49.87008,50.220729,6
58,50.25969,50.610339,7
63,50.6493,51.350598,10
47,51.42852,51.779169,6
47,51.42852,51.779169,6
54,51.81813,52.168779,7
59,52.20774,52.909038,10
49,52.98696,53.337609,6
49,52.98696,53.337609,6
56,53.37657,53.727219,7
61,53.76618,54.467478,10
46,54.5454,54.896049,6
46,54.5454,54.896049,6
53,54.93501,55.285659,7
58,55.32462,56.025918,10
51,56.10384,56.454489,7
51,56.10384,56.454489,6
58,56.49345,56.844099,7
63,56.88306,57.584358,10
47,57.66228,58.012929,6
47,57.66228,58.012929,6
54,58.05189,58.402539,7
59,58.4415,59.142798,10
54,59.22072,59.571369,6
61,59.61033,59.960979,10
42,59.22072,60.623316,6
66,59.99994,60.701238,9
49,60.77916,61.129809,6
49,60.77916,61.129809,6
56,61.16877,61.519419,7
61,61.55838,62.259678,10
56,62.3376,62.688249,6
63,62.72721,63.077859,10
44,62.3376,63.740196,6
71,63.11682,63.818118,10
52,63.89604,64.246689,6
52,63.89604,64.246689,6
59,64.28565,64.636299,7
64,64.67526,65.376558,9
59,65.45448,65.805129,6
66,65.84409,66.194739,8
47,65.45448,66.857076,6
75,66.2337,66.934998,10
54,67.01292,67.363569,6
61,67.40253,67.753179,10
42,67.01292,68.415516,6
70,67.79214,68.493438,10
52,68.57136,69.623307,6
59,69.74019,70.090839,9
44,68.57136,71.376552,6
64,70.1298,71.532396,10
54,71.68824,72.038889,6
61,72.07785,72.428499,10
49,71.68824,74.493432,6
66,72.46746,74.571354,10
51,74.80512,75.155769,6
51,74.80512,75.155769,6
51,75.19473,75.545379,6
51,75.58434,75.857067,6
58,74.80512,75.857067,10
51,75.97395,76.149275,7
51,75.97395,76.149275,6
58,75.97395,76.149275,10
51,76.168755,76.324599,6
58,76.168755,76.34408,10
47,76.36356,76.714209,6
47,76.36356,76.714209,6
47,76.75317,77.103819,6
47,77.14278,77.415507,6
54,76.36356,77.415507,8
47,77.53239,77.707715,6
47,77.53239,77.707715,6
54,77.53239,77.707715,8
47,77.727195,77.883039,6
54,77.727195,77.902519,8
49,77.922,78.272649,6
49,77.922,78.272649,6
49,78.31161,78.662259,6
49,78.70122,78.973947,6
54,77.922,78.973947,9
49,79.09083,79.266154,6
49,79.09083,79.266154,6
54,79.09083,79.266154,10
49,79.285635,79.441479,7
54,79.285635,79.46096,10
46,79.48044,79.831089,6
46,79.48044,79.831089,6
46,79.87005,80.220699,6
46,80.25966,80.532387,6
53,79.48044,80.532387,10
46,80.64927,80.824595,7
46,80.64927,80.824595,6
53,80.64927,80.824595,10
46,80.844075,80.999919,6
53,80.844075,81.0194,8
51,81.03888,81.389529,7
51,81.03888,81.389529,6
51,81.42849,81.779139,6
51,81.8181,82.090827,6
58,81.03888,82.090827,10
51,82.20771,82.383035,7
51,82.20771,82.383035,6
58,82.20771,82.383035,10
51,82.402515,82.558359,6
58,82.402515,82.577839,10
47,82.59732,82.947969,6
47,82.59732,82.947969,6
47,82.98693,83.337579,6
47,83.37654,83.649267,6
54,82.59732,83.649267,8
47,83.76615,83.941474,6
47,83.76615,83.941474,6
54,83.76615,83.941474,8
47,83.960955,84.116799,6
54,83.960955,84.13628,10
42,84.15576,84.506409,6
42,84.15576,84.506409,6
42,84.54537,84.896019,6
42,84.93498,85.207707,7
47,84.15576,85.207707,10
42,85.32459,85.499915,7
42,85.32459,85.499915,7
47,85.32459,85.499915,10
42,85.519395,85.675239,7
47,85.519395,85.69472,8
49,85.7142,86.064849,9
49,85.7142,86.064849,9
49,86.10381,86.454459,9
44,85.7142,86.766147,6
49,86.49342,86.766147,10
44,86.88303,87.058355,6
49,86.88303,87.058355,9
49,86.88303,87.058355,9
49,87.077835,87.233679,9
44,87.077835,87.253159,6
44,87.27264,87.623289,6
44,87.27264,87.623289,6
44,87.66225,88.012899,6
44,88.05186,88.324587,6
51,87.27264,88.324587,10
44,88.44147,88.616794,7
44,88.44147,88.616794,6
51,88.44147,88.616794,10
44,88.636275,88.792119,6
51,88.636275,88.811599,7
52,88.83108,89.181729,8
52,88.83108,89.181729,8
52,89.22069,89.571339,8
47,88.83108,89.883027,7
52,89.6103,89.883027,10
47,89.99991,90.175235,7
52,89.99991,90.175235,9
52,89.99991,90.175235,8
52,90.194715,90.350559,8
47,90.194715,90.37004,7
47,90.38952,90.740169,7
47,90.38952,90.740169,7
47,90.77913,91.129779,7
47,91.16874,91.441467,6
54,90.38952,91.441467,8
47,91.55835,91.733675,6
47,91.55835,91.733675,6
54,91.55835,91.733675,8
47,91.753155,91.908999,6
54,91.753155,91.92848,10
42,91.94796,92.298609,6
42,91.94796,92.298609,6
42,92.33757,92.688219,6
42,92.72718,92.999907,6
49,91.94796,92.999907,10
42,93.11679,93.292114,6
42,93.11679,93.292114,6
49,93.11679,93.292114,10
42,93.311595,93.467439,6
49,93.311595,93.486919,8
40,93.5064,94.558347,6
47,93.5064,94.558347,10
40,94.67523,94.850555,8
47,94.67523,94.850555,10
40,94.870035,95.04536,8
47,94.870035,95.04536,10
40,95.06484,96.116787,6
47,95.06484,96.116787,9
44,93.5064,96.311592,8
40,96.23367,96.584319,6
47,96.23367,96.584319,9
46,96.62328,96.798604,7
51,96.62328,96.798604,10
46,96.818085,96.993409,7
51,96.818085,96.993409,10
46,97.01289,97.188215,7
51,97.01289,97.188215,10
46,97.207695,97.38302,7
51,97.207695,97.38302,10
46,97.4025,97.753149,7
51,97.4025,97.753149,10
46,97.79211,97.967434,7
51,97.79211,97.967434,10
46,97.986915,98.162239,7
51,97.986915,98.162239,10
46,98.18172,98.357045,7
51,98.18172,98.357045,10
46,98.376525,98.55185,7
51,98.376525,98.55185,10
46,98.57133,98.921979,7
51,98.57133,98.921979,10
46,98.96094,99.662238,7
51,98.96094,99.662238,10
44,99.74016,100.090809,7
44,99.74016,100.090809,6
44,100.12977,100.480419,6
44,100.51938,100.792107,6
51,99.74016,100.792107,10
44,100.90899,101.084315,7
44,100.90899,101.084315,6
51,100.90899,101.084315,10
44,101.103795,101.259639,6
51,101.103795,101.27912,10
40,101.2986,101.649249,6
40,101.2986,101.649249,8
40,101.68821,102.038859,8
40,102.07782,102.350547,8
47,101.2986,102.350547,10
40,102.46743,102.642754,8
40,102.46743,102.642754,8
47,102.46743,102.642754,10
40,102.662235,102.818079,8
47,102.662235,102.837559,10
42,102.85704,103.207689,7
42,103.24665,103.597299,7
47,102.85704,103.908987,9
54,102.85704,103.908987,10
42,103.63626,103.986909,6
47,104.02587,104.201194,8
54,104.02587,104.201194,10
42,104.02587,104.376519,6
47,104.220675,104.396,8
54,104.220675,104.396,10
51,104.41548,104.766129,6
51,104.41548,104.766129,6
51,104.80509,105.155739,6
51,105.1947,105.467427,6
58,104.41548,105.467427,10
51,105.58431,105.759635,7
51,105.58431,105.759635,6
58,105.58431,105.759635,10
51,105.779115,105.934959,6
58,105.779115,105.95444,10
44,105.97392,106.324569,6
44,105.97392,106.324569,6
44,106.36353,106.714179,6
44,106.75314,107.025867,6
51,105.97392,107.025867,10
44,107.14275,107.318075,7
44,107.14275,107.318075,6
51,107.14275,107.318075,10
44,107.337555,107.493399,6
51,107.337555,107.512879,10
40,107.53236,107.883009,6
40,107.53236,107.883009,8
40,107.92197,108.272619,8
40,108.31158,108.584307,8
47,107.53236,108.584307,10
40,108.70119,108.876514,8
40,108.70119,108.876514,8
47,108.70119,108.876514,10
40,108.895995,109.051839,6
47,108.895995,109.07132,7
47,109.0908,109.441449,7
47,109.0908,109.441449,7
47,109.48041,109.831059,7
47,109.87002,110.142747,6
54,109.0908,110.142747,8
47,110.25963,110.434955,6
47,110.25963,110.434955,6
54,110.25963,110.434955,8
47,110.454435,110.610279,6
54,110.454435,110.62976,10
42,110.64924,110.999889,6
42,110.64924,110.999889,6
42,111.03885,111.389499,6
42,111.42846,111.701187,6
49,110.64924,111.701187,10
42,111.81807,111.993395,6
42,111.81807,111.993395,6
49,111.81807,111.993395,10
42,112.012875,112.168719,6
49,112.012875,112.188199,7
49,112.20768,112.558329,6
49,112.20768,112.558329,6
49,112.59729,112.947939,6
49,112.9869,113.259627,6
56,112.20768,113.259627,10
49,113.37651,113.551834,6
49,113.37651,113.551834,6
56,113.37651,113.551834,10
49,113.571315,113.727159,6
56,113.571315,113.74664,10
45,113.76612,114.116769,6
45,113.76612,114.116769,6
45,114.15573,114.506379,6
45,114.54534,114.818067,6
52,113.76612,114.818067,10
45,114.93495,115.110275,7
45,114.93495,115.110275,6
52,114.93495,115.110275,10
45,115.129755,115.285599,6
52,115.129755,115.30508,7
52,115.32456,115.675209,7
52,115.32456,115.675209,7
52,115.71417,116.064819,7
52,116.10378,116.376507,6
59,115.32456,116.376507,10
52,116.49339,116.668715,8
52,116.49339,116.668715,8
59,116.49339,116.668715,10
52,116.688195,116.844039,8
59,116.688195,116.86352,10
47,116.883,117.233649,6
47,116.883,117.233649,6
47,117.27261,117.623259,6
47,117.66222,117.934947,6
54,116.883,117.934947,8
47,118.05183,118.227154,6
47,118.05183,118.227154,6
54,118.05183,118.227154,8
47,118.246635,118.402479,6
54,118.246635,118.421959,10
45,118.44144,121.246632,6
45,118.44144,121.246632,6
52,118.44144,121.246632,8
47,121.55832,124.363512,7
47,121.55832,124.363512,6
54,121.55832,124.363512,10
44,127.79208,128.142729,6
51,128.18169,128.532339,7
56,127.79208,128.921949,10
56,128.5713,128.921949,8
59,128.96091,129.311559,6
63,129.35052,129.701169,8
66,129.74013,130.090779,9
68,130.12974,130.831038,10
56,130.51935,130.869999,8
51,130.90896,131.259609,6
51,130.90896,131.259609,10
46,131.29857,131.649219,7
51,131.68818,132.038829,10
54,132.07779,132.428439,6
58,132.4674,132.818049,7
63,132.85701,133.207659,10
58,133.24662,133.597269,9
51,133.63623,133.986879,7
54,133.63623,133.986879,9
40,134.02584,134.376489,6
47,134.41545,134.766099,7
52,134.02584,135.155709,9
52,134.80506,135.155709,6
56,135.19467,135.545319,8
59,135.58428,135.934929,6
64,135.97389,136.324539,10
59,136.3635,136.714149,9
52,136.75311,137.103759,7
56,136.75311,137.103759,9
44,137.14272,137.493369,6
51,137.53233,137.882979,7
56,137.14272,138.272589,10
56,137.92194,138.272589,8
59,138.31155,138.662199,6
63,138.70116,139.051809,7
68,139.09077,139.441419,10
63,139.48038,139.831029,9
59,139.86999,140.220639,7
44,140.2596,140.610249,6
51,140.64921,140.999859,7
56,140.2596,141.389469,10
56,141.03882,141.389469,8
59,141.42843,141.779079,6
63,141.81804,142.168689,8
66,142.20765,142.558299,9
68,142.59726,143.298558,10
54,142.98687,143.337519,8
51,143.37648,143.727129,6
51,143.37648,143.727129,10
46,143.76609,144.116739,7
51,144.1557,144.506349,10
54,144.54531,144.895959,6
58,144.93492,145.285569,7
63,145.32453,145.675179,10
58,145.71414,146.064789,9
51,146.10375,146.454399,7
54,146.10375,146.454399,9
40,146.49336,146.844009,6
47,146.88297,147.233619,7
52,146.49336,147.623229,9
52,147.27258,147.623229,6
56,147.66219,148.012839,8
59,148.0518,148.402449,6
64,148.44141,148.792059,10
59,148.83102,149.181669,9
52,149.22063,149.571279,7
56,149.22063,149.571279,9
44,149.61024,149.960889,6
51,149.99985,150.350499,7
56,149.61024,150.740109,10
56,150.38946,150.740109,8
59,150.77907,151.129719,6
63,151.16868,151.519329,7
68,151.55829,151.908939,10
63,151.9479,152.298549,8
59,152.33751,152.688159,6
49,152.72712,152.902445,9
44,152.921925,153.09725,6
49,153.11673,153.292055,8
51,153.311535,153.48686,9
52,152.72712,153.681665,10
52,153.50634,153.681665,9
51,153.701145,153.87647,8
49,153.89595,154.071275,7
52,154.090755,154.266079,9
44,155.844,156.019325,6
44,155.844,156.019325,6
51,156.038805,156.21413,7
56,156.23361,156.408935,8
58,156.428415,156.60374,9
59,156.62322,156.798544,6
63,156.818025,156.993349,7
68,157.01283,157.188154,10
63,157.207635,157.382959,8
59,157.40244,157.577765,6
56,157.597245,157.77257,8
51,157.79205,157.967375,6
56,157.986855,158.16218,7
58,158.18166,158.356985,8
59,158.376465,158.55179,10
58,158.57127,158.746595,9
56,158.766075,158.9414,8
40,158.96088,159.136204,6
47,159.155685,159.331009,7
52,158.96088,159.525814,9
52,159.35049,159.525814,6
56,159.545295,159.720619,8
59,159.7401,159.915425,6
64,159.934905,160.11023,10
59,160.12971,160.305035,9
56,160.324515,160.49984,8
42,160.51932,160.694645,6
49,160.714125,160.88945,7
54,160.51932,161.084255,9
54,160.90893,161.084255,6
58,161.103735,161.27906,8
61,161.29854,161.473864,9
66,161.493345,161.668669,10
61,161.68815,161.863474,9
58,161.882955,162.058279,7
44,162.07776,162.253084,6
51,162.272565,162.44789,7
56,162.07776,162.642695,10
56,162.46737,162.642695,8
58,162.662175,162.8375,9
59,162.85698,163.032305,6
63,163.051785,163.22711,7
68,163.24659,163.421915,10
63,163.441395,163.61672,8
59,163.6362,163.811524,6
56,163.831005,164.006329,8
51,164.02581,164.201134,6
56,164.220615,164.395939,7
58,164.41542,164.590744,8
59,164.610225,164.78555,10
58,164.80503,164.980355,9
56,164.999835,165.17516,8
49,165.19464,165.369965,7
44,165.389445,165.56477,6
49,165.58425,165.759575,8
51,165.779055,165.95438,9
52,165.19464,166.149184,6
52,165.97386,166.149184,6
54,166.168665,166.343989,7
56,166.36347,166.538794,8
61,166.558275,166.733599,10
44,168.31152,168.486844,6
44,168.31152,168.486844,6
51,168.506325,168.681649,7
56,168.70113,168.876454,9
58,168.895935,169.071259,10
40,171.4284,171.603724,6
47,171.623205,171.79853,7
52,171.4284,171.993335,9
52,171.81801,171.993335,6
56,172.012815,172.18814,8
59,172.20762,172.382945,6
64,172.402425,172.57775,10
59,172.59723,172.772555,9
56,172.792035,172.96736,8
42,172.98684,173.162165,6
49,173.181645,173.356969,7
54,172.98684,173.551774,9
54,173.37645,173.551774,8
56,173.571255,173.746579,9
58,173.76606,173.941384,6
61,173.960865,174.13619,7
66,174.15567,174.330995,10
61,174.350475,174.5258,9
44,174.54528,174.720605,6
51,174.740085,174.91541,7
56,174.54528,175.110215,10
56,174.93489,175.110215,8
58,175.129695,175.30502,9
59,175.3245,175.499825,6
63,175.519305,175.694629,7
68,175.71411,175.889434,10
63,175.908915,176.084239,9
59,176.10372,176.279044,7
56,176.298525,176.47385,6
59,176.49333,176.668655,9
56,176.688135,176.86346,8
51,176.88294,177.058265,7
47,177.077745,177.25307,6
49,177.27255,177.447875,7
51,177.467355,177.64268,8
47,177.66216,178.012809,6
47,177.66216,178.012809,6
47,178.05177,178.402419,6
47,178.44138,178.714107,6
54,177.66216,178.714107,8
47,178.83099,179.181639,6
47,178.83099,179.181639,6
54,178.83099,179.181639,10
44,179.2206,179.571249,6
44,179.2206,179.571249,6
44,179.61021,179.960859,6
44,179.99982,180.272547,6
51,179.2206,180.272547,10
44,180.38943,180.740079,7
44,180.38943,180.740079,6
51,180.38943,180.740079,10
40,180.77904,181.129689,6
40,181.16865,181.519299,6
47,180.77904,181.830987,7
52,180.77904,181.830987,10
40,181.55826,181.908909,7
40,181.94787,182.298519,6
47,181.94787,182.298519,7
52,181.94787,182.298519,10
42,182.33748,182.688129,7
42,182.72709,183.077739,6
49,182.33748,183.389427,7
54,182.33748,183.389427,10
42,183.1167,183.467349,6
42,183.50631,183.856959,6
49,183.50631,183.856959,7
54,183.50631,183.856959,10
47,183.89592,184.246569,7
47,183.89592,184.246569,7
47,184.28553,184.636179,7
47,184.67514,184.947867,6
54,183.89592,184.947867,8
47,185.06475,185.415399,6
47,185.06475,185.415399,6
54,185.06475,185.415399,10
44,185.45436,185.805009,6
44,185.45436,185.805009,6
44,185.84397,186.194619,6
44,186.23358,186.506307,6
51,185.45436,186.506307,10
44,186.62319,186.973839,7
44,186.62319,186.973839,6
51,186.62319,186.973839,10
40,187.0128,187.363449,6
40,187.40241,187.753059,6
47,187.0128,188.064747,7
52,187.0128,188.064747,10
40,187.79202,188.142669,7
40,188.18163,188.532279,6
47,188.18163,188.532279,7
52,188.18163,188.532279,10
42,188.57124,188.921889,7
42,188.96085,189.311499,6
49,188.57124,189.623187,7
54,188.57124,189.623187,10
42,189.35046,189.701109,6
42,189.74007,190.090719,6
49,189.74007,190.090719,7
54,189.74007,190.090719,10
44,190.12968,190.480329,6
44,190.51929,190.869939,6
51,190.12968,191.181627,7
56,190.12968,191.181627,10
44,190.9089,191.259549,6
44,191.29851,191.649159,6
51,191.29851,191.649159,7
56,191.29851,191.649159,10
40,191.68812,192.038769,6
40,192.07773,192.428379,6
47,191.68812,192.740067,7
52,191.68812,192.740067,10
40,192.46734,192.817989,7
40,192.85695,193.207599,6
47,192.85695,193.207599,7
52,192.85695,193.207599,10
47,193.24656,193.597209,7
47,193.24656,193.597209,7
47,193.63617,193.986819,7
47,194.02578,194.298507,6
51,193.24656,194.298507,8
47,194.41539,194.766039,6
47,194.41539,194.766039,6
51,194.41539,194.766039,8
51,194.805,195.155649,10
51,194.805,195.155649,10
51,195.19461,195.545259,10
46,194.805,195.856947,7
51,195.58422,195.856947,10
51,195.97383,196.324479,10
51,195.97383,196.324479,10
46,195.97383,196.324479,7
52,196.36344,199.168632,10
40,196.36344,199.168632,6
47,196.36344,199.168632,8
54,199.48032,202.285512,10
42,199.48032,202.285512,6
49,199.48032,202.285512,8
51,202.5972,202.947849,9
51,202.5972,202.947849,6
51,202.98681,203.337459,6
51,203.37642,203.649147,6
58,202.5972,203.649147,10
51,203.76603,203.941355,7
51,203.76603,203.941355,6
58,203.76603,203.941355,10
51,203.960835,204.116679,6
58,203.960835,204.136159,10
47,204.15564,204.506289,6
47,204.15564,204.506289,6
47,204.54525,204.895899,6
47,204.93486,205.207587,6
54,204.15564,205.207587,8
47,205.32447,205.499795,6
47,205.32447,205.499795,6
54,205.32447,205.499795,8
47,205.519275,205.675119,6
54,205.519275,205.6946,8
49,205.71408,206.064729,6
49,205.71408,206.064729,6
49,206.10369,206.454339,6
49,206.4933,206.766027,6
54,205.71408,206.766027,9
49,206.88291,207.058234,6
49,206.88291,207.058234,6
54,206.88291,207.058234,10
49,207.077715,207.233559,7
54,207.077715,207.253039,10
46,207.27252,207.623169,6
46,207.27252,207.623169,6
46,207.66213,208.012779,6
46,208.05174,208.324467,6
53,207.27252,208.324467,10
46,208.44135,208.616675,7
46,208.44135,208.616675,6
53,208.44135,208.616675,10
46,208.636155,208.791999,6
53,208.636155,208.81148,8
51,208.83096,209.181609,7
51,208.83096,209.181609,6
51,209.22057,209.571219,6
51,209.61018,209.882907,6
58,208.83096,209.882907,10
51,209.99979,210.175115,7
51,209.99979,210.175115,6
58,209.99979,210.175115,10
51,210.194595,210.350439,6
58,210.194595,210.36992,10
47,210.3894,210.740049,6
47,210.3894,210.740049,6
47,210.77901,211.129659,6
47,211.16862,211.441347,6
54,210.3894,211.441347,8
47,211.55823,211.733554,6
47,211.55823,211.733554,6
54,211.55823,211.733554,8
47,211.753035,211.908879,6
54,211.753035,211.928359,10
42,211.94784,212.298489,6
42,211.94784,212.298489,6
42,212.33745,212.688099,6
42,212.72706,212.999787,7
47,211.94784,212.999787,10
42,213.11667,213.291995,7
42,213.11667,213.291995,7
47,213.11667,213.291995,10
42,213.311475,213.467319,7
47,213.311475,213.4868,8
49,213.50628,213.856929,9
49,213.50628,213.856929,9
49,213.89589,214.246539,9
44,213.50628,214.558227,6
49,214.2855,214.558227,10
44,214.67511,214.850435,6
49,214.67511,214.850435,9
49,214.67511,214.850435,9
49,214.869915,215.025759,9
44,214.869915,215.04524,6
44,215.06472,215.415369,6
44,215.06472,215.415369,6
44,215.45433,215.804979,6
44,215.84394,216.116667,6
51,215.06472,216.116667,10
44,216.23355,216.408874,7
44,216.23355,216.408874,6
51,216.23355,216.408874,10
44,216.428355,216.584199,6
51,216.428355,216.603679,7
52,216.62316,216.973809,8
52,216.62316,216.973809,8
52,217.01277,217.363419,8
47,216.62316,217.675107,7
52,217.40238,217.675107,10
47,217.79199,217.967315,7
52,217.79199,217.967315,9
52,217.79199,217.967315,8
52,217.986795,218.142639,8
47,217.986795,218.16212,7
47,218.1816,218.532249,7
47,218.1816,218.532249,7
47,218.57121,218.921859,7
47,218.96082,219.233547,6
54,218.1816,219.233547,8
47,219.35043,219.525755,6
47,219.35043,219.525755,6
54,219.35043,219.525755,8
47,219.545235,219.701079,6
54,219.545235,219.72056,10
42,219.74004,220.090689,6
42,219.74004,220.090689,6
42,220.12965,220.480299,6
42,220.51926,220.791987,6
49,219.74004,220.791987,10
42,220.90887,221.084194,6
42,220.90887,221.084194,6
49,220.90887,221.084194,10
42,221.103675,221.259519,6
49,221.103675,221.278999,8
40,221.29848,224.103672,6
40,221.29848,224.103672,6
47,221.29848,224.103672,8
42,224.41536,224.766009,6
42,224.41536,224.766009,8
42,224.80497,224.980295,8
42,224.999775,225.1751,8
42,225.19458,225.545229,8
42,225.58419,225.759514,8
42,225.778995,225.954319,8
42,225.9738,226.324449,8
42,226.36341,226.714059,8
42,226.75302,227.103669,8
42,227.14263,227.220552,6
49,224.41536,227.220552,10
44,227.53224,227.882889,6
44,227.53224,227.882889,6
44,227.92185,228.272499,6
44,228.31146,228.584187,6
51,227.53224,228.584187,10
44,228.70107,228.876395,7
44,228.70107,228.876395,6
51,228.70107,228.876395,10
44,228.895875,229.051719,6
51,228.895875,229.0712,10
40,229.09068,229.441329,6
40,229.09068,229.441329,8
40,229.48029,229.830939,8
40,229.8699,230.142627,8
47,229.09068,230.142627,10
40,230.25951,230.434834,8
40,230.25951,230.434834,8
47,230.25951,230.434834,10
40,230.454315,230.610159,8
47,230.454315,230.629639,10
42,230.64912,230.999769,7
42,231.03873,231.389379,7
47,230.64912,231.701067,9
54,230.64912,231.701067,10
42,231.42834,231.778989,6
47,231.81795,231.993275,8
54,231.81795,231.993275,10
42,231.81795,232.168599,6
47,232.012755,232.18808,8
54,232.012755,232.18808,10
51,232.20756,232.558209,6
51,232.20756,232.558209,6
51,232.59717,232.947819,6
51,232.98678,233.259507,6
58,232.20756,233.259507,10
51,233.37639,233.551715,7
51,233.37639,233.551715,6
58,233.37639,233.551715,10
51,233.571195,233.727039,6
58,233.571195,233.74652,10
44,233.766,234.116649,6
44,233.766,234.116649,6
44,234.15561,234.506259,6
44,234.54522,234.817947,6
51,233.766,234.817947,10
44,234.93483,235.110154,7
44,234.93483,235.110154,6
51,234.93483,235.110154,10
44,235.129635,235.285479,6
51,235.129635,235.304959,10
40,235.32444,235.675089,6
40,235.32444,235.675089,8
40,235.71405,236.064699,8
40,236.10366,236.376387,8
47,235.32444,236.376387,10
40,236.49327,236.668595,8
40,236.49327,236.668595,8
47,236.49327,236.668595,10
40,236.688075,236.843919,6
47,236.688075,236.8634,7
47,236.88288,237.233529,7
47,236.88288,237.233529,7
47,237.27249,237.623139,7
47,237.6621,237.934827,6
54,236.88288,237.934827,8
47,238.05171,238.227035,6
47,238.05171,238.227035,6
54,238.05171,238.227035,8
47,238.246515,238.402359,6
54,238.246515,238.42184,10
42,238.44132,238.791969,6
42,238.44132,238.791969,6
42,238.83093,239.181579,6
42,239.22054,239.493267,6
49,238.44132,239.493267,10
42,239.61015,239.785474,6
42,239.61015,239.785474,6
49,239.61015,239.785474,10
42,239.804955,239.960799,6
49,239.804955,239.980279,7
49,239.99976,240.350409,6
49,239.99976,240.350409,6
49,240.38937,240.740019,6
49,240.77898,241.051707,6
56,239.99976,241.051707,10
49,241.16859,241.343915,6
49,241.16859,241.343915,6
56,241.16859,241.343915,10
49,241.363395,241.519239,6
56,241.363395,241.53872,10
45,241.5582,241.908849,6
45,241.5582,241.908849,6
45,241.94781,242.298459,6
45,242.33742,242.610147,6
52,241.5582,242.610147,10
45,242.72703,242.902355,7
45,242.72703,242.902355,6
52,242.72703,242.902355,10
45,242.921835,243.077679,6
52,242.921835,243.09716,7
52,243.11664,243.467289,7
52,243.11664,243.467289,7
52,243.50625,243.856899,7
52,243.89586,244.168587,6
59,243.11664,244.168587,10
52,244.28547,244.460794,8
52,244.28547,244.460794,8
59,244.28547,244.460794,10
52,244.480275,244.636119,8
59,244.480275,244.655599,10
47,244.67508,245.025729,6
47,244.67508,245.025729,6
47,245.06469,245.415339,6
47,245.4543,245.727027,6
54,244.67508,245.727027,8
47,245.84391,246.019235,6
47,245.84391,246.019235,6
54,245.84391,246.019235,8
47,246.038715,246.194559,6
54,246.038715,246.21404,10
45,246.23352,249.038712,6
45,246.23352,249.038712,6
52,246.23352,249.038712,8
47,249.3504,252.155592,7
47,249.3504,252.155592,6
54,249.3504,252.155592,7
